Race,SeatHolder,HolderGender,TermStart,Decision,Days,Rating,PVI,PVIR,Original
AL-01,"Josiah R. Bonner, Jr.",Male,2003-01-03,Reelection (Renominated),1404,Unrated,R+,12,TRUE
AL-02,R. Terry Everett,Male,1993-01-03,Reelection (Renominated),5056,Unrated,R+,13,TRUE
AL-03,Michael D. Rogers,Male,2003-01-03,Reelection (Renominated),1404,Unrated,R+,4,TRUE
AL-04,Robert B. Aderholt,Male,1997-01-03,Reelection (Renominated),3595,Unrated,R+,16,TRUE
AL-05,"Robert E. ""Bud"" Cramer, Jr.",Male,1991-01-03,Reelection (Renominated),5787,Unrated,R+,6,TRUE
AL-06,Spencer T. Bachus III,Male,1993-01-03,Reelection (Renominated),5056,Unrated,R+,25,TRUE
AL-07,Artur G. Davis,Male,2003-01-03,Reelection (Renominated),1404,Unrated,R+,17,TRUE
AK-AL,Donald E. Young,Male,1973-03-06,Reelection (Renominated),12299,Unrated,R+,14,TRUE
AZ-01,Richard G. Renzi,Male,2003-01-03,Reelection (Renominated),1404,Tossup,R+,2,TRUE
AZ-02,H. Trent Franks,Male,2003-01-03,Reelection (Renominated),1404,Unrated,R+,9,TRUE
AZ-03,John B. Shadegg,Male,1995-01-03,Reelection (Renominated),4326,Unrated,R+,6,TRUE
AZ-04,Edward L. Pastor,Male,1991-01-03,Reelection (Renominated),5787,Unrated,D+,14,TRUE
AZ-05,"John David Hayworth, Jr.",Male,1995-01-03,Reelection (Renominated),4326,Tossup,R+,4,TRUE
AZ-06,Jeffry L. Flake,Male,2001-01-03,Reelection (Renominated),2134,Unrated,R+,12,TRUE
AZ-07,Raul M. Grijalva,Male,2003-01-03,Reelection (Renominated),1404,Unrated,D+,12,TRUE
AZ-08,James T. Kolbe,Male,1985-01-03,Retired,7978,Lean D,R+,1,TRUE
AR-01,R. Marion Berry,Male,1997-01-03,Reelection (Renominated),3595,Unrated,R+,1,TRUE
AR-02,Victor F. Snyder,Male,1997-01-03,Reelection (Renominated),3595,Unrated,Even,0,TRUE
AR-03,John N. Boozman,Male,2001-01-03,Reelection (Renominated),2134,Unrated,R+,11,TRUE
AR-04,Michael A. Ross,Male,2001-01-03,Reelection (Renominated),2134,Unrated,Even,0,TRUE
CA-01,C. Michael Thompson,Male,1999-01-03,Reelection (Renominated),2865,Unrated,D+,10,TRUE
CA-02,"Walter W. Herger, Jr.",Male,1989-01-03,Reelection (Renominated),6517,Unrated,R+,13,TRUE
CA-03,Daniel E. Lungren,Male,2005-01-03,Reelection (Renominated),673,Unrated,R+,7,TRUE
CA-04,John T. Doolittle,Male,1991-01-03,Reelection (Renominated),5787,Lean R,R+,11,TRUE
CA-05,Doris O. Matsui,Female,2005-03-10,Reelection (Renominated),607,Unrated,D+,14,TRUE
CA-06,Lynn C. Woolsey,Female,1993-01-03,Reelection (Renominated),5056,Unrated,D+,21,TRUE
CA-07,George Miller III,Male,1975-01-03,Reelection (Renominated),11631,Unrated,D+,19,TRUE
CA-08,Nancy D. Pelosi,Female,1987-06-02,Reelection (Renominated),7098,Unrated,D+,36,TRUE
CA-09,Barbara J. Lee,Female,1999-01-03,Reelection (Renominated),2865,Unrated,D+,38,TRUE
CA-10,Ellen O. Tauscher,Female,1997-01-03,Reelection (Renominated),3595,Unrated,D+,8,TRUE
CA-11,Richard W. Pombo,Male,1993-01-03,Reelection (Renominated),5056,Tossup,R+,3,TRUE
CA-12,Thomas P. Lantos,Male,1981-01-03,Reelection (Renominated),9439,Unrated,D+,22,TRUE
CA-13,"Fortney H. ""Pete"" Stark, Jr.",Male,1973-01-03,Reelection (Renominated),12361,Unrated,D+,22,TRUE
CA-14,Anna G. Eshoo,Female,1993-01-03,Reelection (Renominated),5056,Unrated,D+,18,TRUE
CA-15,Michael M. Honda,Male,2001-01-03,Reelection (Renominated),2134,Unrated,D+,14,TRUE
CA-16,"Susan E. ""Zoe"" Lofgren",Female,1995-01-03,Reelection (Renominated),4326,Unrated,D+,16,TRUE
CA-17,Samuel S. Farr,Male,1993-01-03,Reelection (Renominated),5056,Unrated,D+,17,TRUE
CA-18,Dennis A. Cardoza,Male,2003-01-03,Reelection (Renominated),1404,Unrated,D+,3,TRUE
CA-19,George P. Radanovich,Male,1997-01-03,Reelection (Renominated),3595,Unrated,R+,10,TRUE
CA-20,James M. Costa,Male,2005-01-03,Reelection (Renominated),673,Unrated,D+,5,TRUE
CA-21,Devin G. Nunes,Male,2003-01-03,Reelection (Renominated),1404,Unrated,R+,13,TRUE
CA-22,William M. Thomas,Male,1979-01-03,Retired,10170,Unrated,R+,16,TRUE
CA-23,Lois Ragnhild Capps,Female,1999-01-03,Reelection (Renominated),2865,Unrated,D+,19,TRUE
CA-24,Elton W. Gallegly,Male,1987-01-03,Reelection (Renominated),7248,Unrated,R+,5,TRUE
CA-25,"Howard P. ""Buck"" McKeon",Male,1993-01-03,Reelection (Renominated),5056,Unrated,R+,7,TRUE
CA-26,David T. Dreier,Male,1981-01-03,Reelection (Renominated),9439,Unrated,R+,4,TRUE
CA-27,Bradley J. Sherman,Male,1997-01-03,Reelection (Renominated),3595,Unrated,D+,13,TRUE
CA-28,Howard L. Berman,Male,1983-01-03,Reelection (Renominated),8709,Unrated,D+,25,TRUE
CA-29,Adam B. Schiff,Male,2001-01-03,Reelection (Renominated),2134,Unrated,D+,12,TRUE
CA-30,Henry A. Waxman,Male,1975-01-03,Reelection (Renominated),11631,Unrated,D+,20,TRUE
CA-31,Xavier Becerra,Male,1993-01-03,Reelection (Renominated),5056,Unrated,D+,30,TRUE
CA-32,Hilda L. Solis,Female,2001-01-03,Reelection (Renominated),2134,Unrated,D+,17,TRUE
CA-33,Diane E. Watson,Female,2001-06-07,Reelection (Renominated),1979,Unrated,D+,36,TRUE
CA-34,Lucille E. Roybal-Allard,Female,1993-01-03,Reelection (Renominated),5056,Unrated,D+,23,TRUE
CA-35,Maxine M. Waters,Female,1991-01-03,Reelection (Renominated),5787,Unrated,D+,33,TRUE
CA-36,Jane M. Harman,Female,2001-01-03,Reelection (Renominated),2134,Unrated,D+,11,TRUE
CA-37,Juanita Millender-McDonald,Female,1997-01-03,Reelection (Renominated),3595,Unrated,D+,27,TRUE
CA-38,Graciela F. Napolitano,Female,1999-01-03,Reelection (Renominated),2865,Unrated,D+,20,TRUE
CA-39,Linda T. Sanchez,Female,2003-01-03,Reelection (Renominated),1404,Unrated,D+,13,TRUE
CA-40,Edward R. Royce,Male,1993-01-03,Reelection (Renominated),5056,Unrated,R+,8,TRUE
CA-41,C. Jeremy Lewis,Male,1979-01-03,Reelection (Renominated),10170,Unrated,R+,9,TRUE
CA-42,Gary G. Miller,Male,1999-01-03,Reelection (Renominated),2865,Unrated,R+,10,TRUE
CA-43,"Joseph N. Baca, Sr.",Male,1999-11-16,Reelection (Renominated),2548,Unrated,D+,13,TRUE
CA-44,Kenneth S. Calvert,Male,1993-01-03,Reelection (Renominated),5056,Unrated,R+,6,TRUE
CA-45,Mary Bono Oswald,Female,1999-01-03,Reelection (Renominated),2865,Unrated,R+,3,TRUE
CA-46,Dana T. Rohrabacher,Male,1989-01-03,Reelection (Renominated),6517,Unrated,R+,6,TRUE
CA-47,Loretta L. Sanchez,Female,1997-01-03,Reelection (Renominated),3595,Unrated,D+,5,TRUE
CA-48,John B.T. Campbell III,Male,2005-12-07,Reelection (Renominated),335,Unrated,R+,8,TRUE
CA-49,Darrell E. Issa,Male,2001-01-03,Reelection (Renominated),2134,Unrated,R+,10,TRUE
CA-50,Brian P. Bilbray,Male,2006-06-06,Reelection (Renominated),154,Lean R,R+,5,TRUE
CA-51,Robert E. Filner,Male,1993-01-03,Reelection (Renominated),5056,Unrated,D+,7,TRUE
CA-52,Duncan L. Hunter,Male,1981-01-03,Reelection (Renominated),9439,Unrated,R+,9,TRUE
CA-53,Susan C. Davis,Female,2001-01-03,Reelection (Renominated),2134,Unrated,D+,12,TRUE
CO-01,Diana L. DeGette,Female,1997-01-03,Reelection (Renominated),3595,Unrated,D+,18,TRUE
CO-02,Mark E. Udall,Male,1999-01-03,Reelection (Renominated),2865,Unrated,D+,8,TRUE
CO-03,John T. Salazar,Male,2005-01-03,Reelection (Renominated),673,Likely D,R+,6,TRUE
CO-04,Marilyn N. Musgrave,Female,2003-01-03,Reelection (Renominated),1404,Tossup,R+,9,TRUE
CO-05,Joel M. Hefley,Male,1987-01-03,Retired,7248,Lean R,R+,16,TRUE
CO-06,Thomas G. Tancredo,Male,1999-01-03,Reelection (Renominated),2865,Solid R,R+,10,TRUE
CO-07,Robert L. Beauprez,Male,2003-01-03,Retired (Higher Office),1404,Lean D,D+,2,TRUE
CT-01,John B. Larson,Male,1999-01-03,Reelection (Renominated),2865,Unrated,D+,14,TRUE
CT-02,Robert R. Simmons,Male,2001-01-03,Reelection (Renominated),2134,Tossup,D+,8,TRUE
CT-03,Rosa L. DeLauro,Female,1991-01-03,Reelection (Renominated),5787,Unrated,D+,12,TRUE
CT-04,Christopher H. Shays,Male,1987-09-09,Reelection (Renominated),6999,Tossup,D+,5,TRUE
CT-05,Nancy L. Johnson,Female,1983-01-03,Reelection (Renominated),8709,Tossup,D+,4,TRUE
DE-AL,Michael N. Castle,Male,1993-01-03,Reelection (Renominated),5056,Unrated,D+,7,TRUE
FL-01,Jefferson B. Miller,Male,2001-10-16,Reelection (Renominated),1848,Unrated,R+,19,TRUE
FL-02,"Frederick Allen Boyd, Jr.",Male,1997-01-03,Reelection (Renominated),3595,Unrated,R+,2,TRUE
FL-03,Corrine Brown,Female,1993-01-03,Reelection (Renominated),5056,Unrated,D+,17,TRUE
FL-04,"Alexander M. ""Ander"" Crenshaw",Male,2001-01-03,Reelection (Renominated),2134,Unrated,R+,16,TRUE
FL-05,Virginia Brown-Waite,Female,2003-01-03,Reelection (Renominated),1404,Unrated,R+,5,TRUE
FL-06,"Clifford B. Stearns, Sr.",Male,1989-01-03,Reelection (Renominated),6517,Unrated,R+,8,TRUE
FL-07,John L. Mica,Male,1993-01-03,Reelection (Renominated),5056,Unrated,R+,3,TRUE
FL-08,Richard A. Keller,Male,2001-01-03,Reelection (Renominated),2134,Likely R,R+,3,TRUE
FL-09,Michael Bilirakis,Male,1983-01-03,Retired,8709,Likely R,R+,4,TRUE
FL-10,Charles William Young,Male,1971-01-03,Reelection (Renominated),13092,Unrated,D+,1,TRUE
FL-11,James O. Davis III,Male,1997-01-03,Retired (Higher Office),3595,Unrated,D+,11,TRUE
FL-12,Adam H. Putnam,Male,2001-01-03,Reelection (Renominated),2134,Unrated,R+,5,TRUE
FL-13,Katherine Harris,Female,2003-01-03,Retired (Higher Office),1404,Tossup,R+,4,TRUE
FL-14,Connie H. Mack IV,Male,2005-01-03,Reelection (Renominated),673,Unrated,R+,10,TRUE
FL-15,David J. Weldon,Male,1995-01-03,Reelection (Renominated),4326,Unrated,R+,4,TRUE
FL-16,Mark A. Foley,Male,1995-01-03,Resignation,4326,Tossup,R+,2,TRUE
FL-17,Kendrick B. Meek,Male,2003-01-03,Reelection (Renominated),1404,Unrated,D+,35,TRUE
FL-18,Ileana C. Ros-Lehtinen,Female,1989-08-29,Reelection (Renominated),6279,Unrated,R+,4,TRUE
FL-19,Robert I. Wexler,Male,1997-01-03,Reelection (Renominated),3595,Unrated,D+,21,TRUE
FL-20,Deborah Wasserman Schultz,Female,2005-01-03,Reelection (Renominated),673,Unrated,D+,18,TRUE
FL-21,Lincoln R. Diaz-Balart,Male,1993-01-03,Reelection (Renominated),5056,Unrated,R+,6,TRUE
FL-22,"E. Clay Shaw, Jr.",Male,1981-01-03,Reelection (Renominated),9439,Tossup,D+,4,TRUE
FL-23,Alcee L. Hastings,Male,1993-01-03,Reelection (Renominated),5056,Unrated,D+,29,TRUE
FL-24,Thomas C. Feeney III,Male,2003-01-03,Reelection (Renominated),1404,Unrated,R+,3,TRUE
FL-25,Mario R. Diaz-Balart,Male,2003-01-03,Reelection (Renominated),1404,Unrated,R+,4,TRUE
GA-01,"John H. ""Jack"" Kingston",Male,1993-01-03,Reelection (Renominated),5056,Unrated,R+,14,TRUE
GA-02,"Sanford D. Bishop, Jr.",Male,1993-01-03,Reelection (Renominated),5056,Unrated,D+,2,TRUE
GA-03,"Leon A. ""Lynn"" Westmoreland",Male,2005-01-03,Reelection (Renominated),673,Unrated,R+,19,TRUE
GA-04,Cynthia A. McKinney,Female,2005-01-03,Reelection (Lost Renomination),673,Unrated,D+,22,TRUE
GA-05,John R. Lewis,Male,1987-01-03,Reelection (Renominated),7248,Unrated,D+,25,TRUE
GA-06,Thomas E. Price,Male,2005-01-03,Reelection (Renominated),673,Unrated,R+,19,TRUE
GA-07,John E. Linder,Male,1993-01-03,Reelection (Renominated),5056,Unrated,R+,19,TRUE
GA-08,James C. Marshall,Male,2003-01-03,Reelection (Renominated),1404,Lean D,R+,8,TRUE
GA-09,J. Nathan Deal,Male,1993-01-03,Reelection (Renominated),5056,Unrated,R+,24,TRUE
GA-10,"Charles W. Norwood, Jr.",Male,1995-01-03,Reelection (Renominated),4326,Unrated,R+,14,TRUE
GA-11,J. Phillip Gingrey,Male,2003-01-03,Reelection (Renominated),1404,Unrated,R+,18,TRUE
GA-12,John J. Barrow,Male,2005-01-03,Reelection (Renominated),673,Likely D,D+,2,TRUE
GA-13,David A. Scott,Male,2003-01-03,Reelection (Renominated),1404,Unrated,D+,10,TRUE
HI-01,Neil Abercrombie,Male,1991-01-03,Reelection (Renominated),5787,Unrated,D+,7,TRUE
HI-02,Edward E. Case,Male,2002-11-30,Retired (Higher Office),1438,Unrated,D+,10,TRUE
ID-01,"Clement L. ""Butch"" Otter",Male,2001-01-03,Reelection (Renominated),2134,Tossup,R+,19,TRUE
ID-02,Michael K. Simpson,Male,1999-01-03,Reelection (Renominated),2865,Unrated,R+,23,TRUE
IL-01,Bobby L. Rush,Male,1993-01-03,Reelection (Renominated),5056,Unrated,D+,35,TRUE
IL-02,"Jesse L. Jackson, Jr.",Male,1995-12-12,Reelection (Renominated),3983,Unrated,D+,35,TRUE
IL-03,Daniel W. Lipinski,Male,2005-01-03,Reelection (Renominated),673,Unrated,D+,10,TRUE
IL-04,Luis V. Gutierrez,Male,1993-01-03,Reelection (Renominated),5056,Unrated,D+,31,TRUE
IL-05,Rahm I. Emanuel,Male,2003-01-03,Reelection (Renominated),1404,Unrated,D+,18,TRUE
IL-06,Henry J. Hyde,Male,1975-01-03,Retired,11631,Tossup,R+,3,TRUE
IL-07,Danny K. Davis,Male,1997-01-03,Reelection (Renominated),3595,Unrated,D+,35,TRUE
IL-08,Melissa L. Bean,Female,2005-01-03,Reelection (Renominated),673,Lean D,R+,5,TRUE
IL-09,Janice D. Schakowsky,Female,1999-01-03,Reelection (Renominated),2865,Unrated,D+,20,TRUE
IL-10,Mark Steven Kirk,Male,2001-01-03,Reelection (Renominated),2134,Likely R,D+,4,TRUE
IL-11,Gerald C. Weller,Male,1995-01-03,Reelection (Renominated),4326,Unrated,R+,1,TRUE
IL-12,Jerry F. Costello,Male,1989-01-03,Reelection (Renominated),6517,Unrated,D+,5,TRUE
IL-13,Judith Gail Biggert,Female,1999-01-03,Reelection (Renominated),2865,Unrated,R+,5,TRUE
IL-14,J. Dennis Hastert,Male,1987-01-03,Reelection (Renominated),7248,Unrated,R+,5,TRUE
IL-15,Timothy V. Johnson,Male,2001-01-03,Reelection (Renominated),2134,Unrated,R+,6,TRUE
IL-16,Donald A. Manzullo,Male,1993-01-03,Reelection (Renominated),5056,Unrated,R+,4,TRUE
IL-17,Lane A. Evans,Male,1983-01-03,Retired,8709,Likely D,D+,5,TRUE
IL-18,Raymond H. LaHood,Male,1995-01-03,Reelection (Renominated),4326,Unrated,R+,5,TRUE
IL-19,John M. Shimkus,Male,1997-01-03,Reelection (Renominated),3595,Unrated,R+,8,TRUE
IN-01,Peter J. Visclosky,Male,1985-01-03,Reelection (Renominated),7978,Unrated,D+,8,TRUE
IN-02,J. Christopher Chocola,Male,2003-01-03,Reelection (Renominated),1404,Unrated,R+,4,TRUE
IN-03,Mark E. Souder,Male,1995-01-03,Reelection (Renominated),4326,Likely R,R+,16,TRUE
IN-04,Stephen E. Buyer,Male,1993-01-03,Reelection (Renominated),5056,Unrated,R+,17,TRUE
IN-05,Danny L. Burton,Male,1983-01-03,Reelection (Renominated),8709,Unrated,R+,20,TRUE
IN-06,Michael R. Pence,Male,2001-01-03,Reelection (Renominated),2134,Unrated,R+,11,TRUE
IN-07,Julia M. Carson,Female,1997-01-03,Reelection (Renominated),3595,Likely D,D+,9,TRUE
IN-08,John N. Hostettler,Male,1995-01-03,Reelection (Renominated),4326,Tossup,R+,9,TRUE
IN-09,Michael E. Sodrel,Male,2005-01-03,Reelection (Renominated),673,Tossup,R+,7,TRUE
IA-01,James A. Nussle,Male,1991-01-03,Retired (Higher Office),5787,Lean D,D+,5,TRUE
IA-02,James A. Leach,Male,1977-01-03,Reelection (Renominated),10900,Likely R,D+,7,TRUE
IA-03,Leonard L. Boswell,Male,1997-01-03,Reelection (Renominated),3595,Lean D,D+,1,TRUE
IA-04,Thomas P. Latham,Male,1995-01-03,Reelection (Renominated),4326,Unrated,Even,0,TRUE
IA-05,Steven A. King,Male,2003-01-03,Reelection (Renominated),1404,Unrated,R+,8,TRUE
KS-01,Gerald W. Moran,Male,1997-01-03,Reelection (Renominated),3595,Unrated,R+,20,TRUE
KS-02,James R. Ryun,Male,1997-01-03,Reelection (Renominated),3595,Tossup,R+,7,TRUE
KS-03,Dennis Moore,Male,1999-01-03,Reelection (Renominated),2865,Likely D,R+,4,TRUE
KS-04,W. Todd Tiahrt,Male,1995-01-03,Reelection (Renominated),4326,Unrated,R+,12,TRUE
KY-01,W. Edward Whitfield,Male,1995-01-03,Reelection (Renominated),4326,Unrated,R+,10,TRUE
KY-02,Ronald E. Lewis,Male,1995-01-03,Reelection (Renominated),4326,Lean R,R+,13,TRUE
KY-03,Anne M. Northup,Female,1997-01-03,Reelection (Renominated),3595,Tossup,D+,2,TRUE
KY-04,Geoffrey C. Davis,Male,2005-01-03,Reelection (Renominated),673,Lean R,R+,12,TRUE
KY-05,Harold D. Rogers,Male,1981-01-03,Reelection (Renominated),9439,Tossup,R+,8,TRUE
KY-06,A. Benjamin Chandler III,Male,2005-01-03,Reelection (Renominated),673,Unrated,R+,7,TRUE
LA-01,"Piyush ""Bobby"" Jindal",Male,2005-01-03,Reelection (Renominated),673,Unrated,R+,18,TRUE
LA-02,William J. Jefferson,Male,1991-01-03,Reelection (Renominated),5787,Likely D,D+,28,TRUE
LA-02 (Runoff),William J. Jefferson,Male,1991-01-03,Reelection (Renominated),5787,Likely D,D+,28,FALSE
LA-03,"Charles J. Melancon, Sr.",Male,2005-01-03,Reelection (Renominated),673,Lean D,R+,5,TRUE
LA-04,James O. McCrery III,Male,1989-01-03,Reelection (Renominated),6517,Unrated,R+,7,TRUE
LA-05,Rodney M. Alexander,Male,2003-01-03,Reelection (Renominated),1404,Unrated,R+,10,TRUE
LA-06,Richard H. Baker,Male,1987-01-03,Reelection (Renominated),7248,Unrated,R+,7,TRUE
LA-07,"Charles W. Boustany, Jr.",Male,2005-01-03,Reelection (Renominated),673,Solid R,R+,7,TRUE
ME-01,Thomas H. Allen,Male,1997-01-03,Reelection (Renominated),3595,Unrated,D+,6,TRUE
ME-02,Michael H. Michaud,Male,2003-01-03,Reelection (Renominated),1404,Unrated,D+,4,TRUE
MD-01,Wayne T. Gilchrest,Male,1991-01-03,Reelection (Renominated),5787,Unrated,R+,10,TRUE
MD-02,"Charles Albert ""Dutch"" Ruppersberger III",Male,2003-01-03,Reelection (Renominated),1404,Unrated,D+,8,TRUE
MD-03,Benjamin L. Cardin,Male,1987-01-03,Retired (Higher Office),7248,Solid D,D+,7,TRUE
MD-04,Albert Russell Wynn,Male,1993-01-03,Reelection (Renominated),5056,Unrated,D+,30,TRUE
MD-05,Steny H. Hoyer,Male,1981-05-19,Reelection (Renominated),9303,Unrated,D+,9,TRUE
MD-06,Roscoe G. Bartlett,Male,1993-01-03,Reelection (Renominated),5056,Solid R,R+,13,TRUE
MD-07,Elijah E. Cummings,Male,1997-01-03,Reelection (Renominated),3595,Unrated,D+,25,TRUE
MD-08,Christopher J. Van Hollen,Male,2003-01-03,Reelection (Renominated),1404,Unrated,D+,20,TRUE
MA-01,John W. Olver,Male,1991-06-18,Reelection (Renominated),5621,Unrated,D+,15,TRUE
MA-02,Richard E. Neal,Male,1989-01-03,Reelection (Renominated),6517,Unrated,D+,11,TRUE
MA-03,James P. McGovern,Male,1997-01-03,Reelection (Renominated),3595,Unrated,D+,11,TRUE
MA-04,Barnett Frank,Male,1981-01-03,Reelection (Renominated),9439,Unrated,D+,17,TRUE
MA-05,Martin T. Meehan,Male,1993-01-03,Reelection (Renominated),5056,Unrated,D+,9,TRUE
MA-06,John F. Tierney,Male,1997-01-03,Reelection (Renominated),3595,Unrated,D+,10,TRUE
MA-07,Edward J. Markey,Male,1977-01-03,Reelection (Renominated),10900,Unrated,D+,18,TRUE
MA-08,Michael E. Capuano,Male,1999-01-03,Reelection (Renominated),2865,Unrated,D+,31,TRUE
MA-09,Stephen F. Lynch,Male,1991-10-16,Reelection (Renominated),5501,Unrated,D+,15,TRUE
MA-10,William D. Delahunt,Male,1997-01-03,Reelection (Renominated),3595,Unrated,D+,8,TRUE
MI-01,Bartholomew T. Stupak,Male,1993-01-03,Reelection (Renominated),5056,Unrated,R+,2,TRUE
MI-02,"Cornelis P. ""Pete"" Hoekstra",Male,1993-01-03,Reelection (Renominated),5056,Unrated,R+,9,TRUE
MI-03,Vernon J. Ehlers,Male,1993-12-07,Reelection (Renominated),4718,Unrated,R+,9,TRUE
MI-04,David Lee Camp,Male,1991-01-03,Reelection (Renominated),5787,Unrated,R+,3,TRUE
MI-05,Dale E. Kildee,Male,1977-01-03,Reelection (Renominated),10900,Unrated,D+,12,TRUE
MI-06,Frederick S. Upton,Male,1987-01-03,Reelection (Renominated),7248,Unrated,R+,2,TRUE
MI-07,John Joseph H. Schwarz,Male,2005-01-03,Reelection (Lost Renomination),673,Likely R,R+,2,TRUE
MI-08,Michael J. Rogers,Male,2001-01-03,Reelection (Renominated),2134,Solid R,R+,2,TRUE
MI-09,Joseph K. Knollenberg,Male,1993-01-03,Reelection (Renominated),5056,Unrated,Even,0,TRUE
MI-10,Candice S. Miller,Female,2003-01-03,Reelection (Renominated),1404,Unrated,R+,4,TRUE
MI-11,Thaddeus G. McCotter,Male,2003-01-03,Reelection (Renominated),1404,Unrated,R+,1,TRUE
MI-12,Sander M. Levin,Male,1983-01-03,Reelection (Renominated),8709,Unrated,D+,13,TRUE
MI-13,Carolyn Cheeks Kilpatrick,Female,1997-01-03,Reelection (Renominated),3595,Unrated,D+,32,TRUE
MI-14,"John J. Conyers, Jr.",Male,1965-01-03,Reelection (Renominated),15283,Unrated,D+,33,TRUE
MI-15,"John D. Dingell, Jr.",Male,1955-12-13,Reelection (Renominated),18592,Unrated,D+,13,TRUE
MN-01,"Gilbert W. Gutknecht, Jr.",Male,1995-01-03,Reelection (Renominated),4326,Tossup,R+,1,TRUE
MN-02,"John Paul Kline, Jr.",Male,2003-01-03,Reelection (Renominated),1404,Solid R,R+,3,TRUE
MN-03,James M. Ramstad,Male,1991-01-03,Reelection (Renominated),5787,Unrated,R+,1,TRUE
MN-04,Betty L. McCollum,Female,2001-01-03,Reelection (Renominated),2134,Unrated,D+,13,TRUE
MN-05,Martin Olav Sabo,Male,1979-01-03,Retired,10170,Unrated,D+,21,TRUE
MN-06,Mark R. Kennedy,Male,2001-01-03,Retired (Higher Office),2134,Tossup,R+,5,TRUE
MN-07,Collin C. Peterson,Male,1991-01-03,Reelection (Renominated),5787,Unrated,R+,6,TRUE
MN-08,James L. Oberstar,Male,1975-01-03,Reelection (Renominated),11631,Unrated,D+,4,TRUE
MS-01,Roger F. Wicker,Male,1995-01-03,Reelection (Renominated),4326,Unrated,R+,10,TRUE
MS-02,Bennie G. Thompson,Male,1993-04-13,Reelection (Renominated),4956,Unrated,D+,10,TRUE
MS-03,"Charles W. ""Chip"" Pickering",Male,1997-01-03,Reelection (Renominated),3595,Unrated,R+,13,TRUE
MS-04,G. Eugene Taylor,Male,1989-10-17,Reelection (Renominated),6230,Unrated,R+,16,TRUE
MO-01,William Lacy Clay,Male,2001-01-03,Reelection (Renominated),2134,Unrated,D+,26,TRUE
MO-02,W. Todd Akin,Male,2001-01-03,Reelection (Renominated),2134,Unrated,R+,9,TRUE
MO-03,J. Russell Carnahan,Male,2005-01-03,Reelection (Renominated),673,Unrated,D+,8,TRUE
MO-04,Ike N. Skelton IV,Male,1977-01-03,Reelection (Renominated),10900,Unrated,R+,11,TRUE
MO-05,Emanuel Cleaver II,Male,2005-01-03,Reelection (Renominated),673,Unrated,D+,12,TRUE
MO-06,"Samuel B. Graves, Jr.",Male,2001-01-03,Reelection (Renominated),2134,Unrated,R+,5,TRUE
MO-07,Roy D. Blunt,Male,1997-01-03,Reelection (Renominated),3595,Unrated,R+,14,TRUE
MO-08,Jo Ann Emerson,Female,1997-01-03,Reelection (Renominated),3595,Unrated,R+,11,TRUE
MO-09,Kenny C. Hulshof,Male,1997-01-03,Reelection (Renominated),3595,Unrated,R+,7,TRUE
MT-AL,Dennis R. Rehberg,Male,2001-01-03,Reelection (Renominated),2134,Unrated,R+,11,TRUE
NE-01,Jeffrey L. Fortenberry,Male,2005-01-03,Reelection (Renominated),673,Solid R,R+,11,TRUE
NE-02,Lee R. Terry,Male,1999-01-03,Reelection (Renominated),2865,Unrated,R+,9,TRUE
NE-03,Thomas W. Osborne,Male,2001-01-03,Retired (Higher Office),2134,Lean R,R+,24,TRUE
NV-01,"Rochelle ""Shelley"" Berkley",Female,1999-01-03,Reelection (Renominated),2865,Unrated,D+,9,TRUE
NV-02,James A. Gibbons,Male,1997-01-03,Retired (Higher Office),3595,Lean R,R+,8,TRUE
NV-03,Jon C. Porter,Male,2003-01-03,Reelection (Renominated),1404,Tossup,D+,1,TRUE
NH-01,"Joseph E. ""Jeb"" Bradley",Male,2003-01-03,Reelection (Renominated),1404,Likely R,Even,0,TRUE
NH-02,Charles F. Bass,Male,1995-01-03,Reelection (Renominated),4326,Tossup,D+,3,TRUE
NJ-01,Robert E. Andrews,Male,1991-01-03,Reelection (Renominated),5787,Unrated,D+,14,TRUE
NJ-02,Frank A. LoBiondo,Male,1995-01-03,Reelection (Renominated),4326,Unrated,D+,4,TRUE
NJ-03,H. James Saxton,Male,1985-01-03,Reelection (Renominated),7978,Unrated,D+,3,TRUE
NJ-04,Christopher H. Smith,Male,1981-01-03,Reelection (Renominated),9439,Unrated,R+,1,TRUE
NJ-05,E. Scott Garrett,Male,2003-01-03,Reelection (Renominated),1404,Solid R,R+,4,TRUE
NJ-06,"Frank J. Pallone, Jr.",Male,1989-01-03,Reelection (Renominated),6517,Unrated,D+,12,TRUE
NJ-07,Michael A. Ferguson,Male,2001-01-03,Reelection (Renominated),2134,Lean R,R+,1,TRUE
NJ-08,"William J. Pascrell, Jr.",Male,1997-01-03,Reelection (Renominated),3595,Unrated,D+,12,TRUE
NJ-09,Steven R. Rothman,Male,1997-01-03,Reelection (Renominated),3595,Unrated,D+,13,TRUE
NJ-10,Donald M. Payne,Male,1989-01-03,Reelection (Renominated),6517,Unrated,D+,34,TRUE
NJ-11,Rodney P. Frelinghuysen,Male,1995-01-03,Reelection (Renominated),4326,Unrated,R+,6,TRUE
NJ-12,"Rush D. Holt, Jr.",Male,1999-01-03,Reelection (Renominated),2865,Unrated,D+,8,TRUE
NJ-13,Robert Menendez,Male,1993-01-03,Resignation (Appointment),5056,Unrated,D+,23,TRUE
NM-01,Heather A. Wilson,Female,1999-01-03,Reelection (Renominated),2865,Tossup,D+,2,TRUE
NM-02,Stevan E. Pearce,Male,2003-01-03,Reelection (Renominated),1404,Unrated,R+,6,TRUE
NM-03,Thomas S. Udall,Male,1999-01-03,Reelection (Renominated),2865,Unrated,D+,6,TRUE
NY-01,Timothy H. Bishop,Male,2003-01-03,Reelection (Renominated),1404,Unrated,D+,3,TRUE
NY-02,Steven J. Israel,Male,2001-01-03,Reelection (Renominated),2134,Unrated,D+,7,TRUE
NY-03,Peter T. King,Male,1993-01-03,Reelection (Renominated),5056,Likely R,D+,2,TRUE
NY-04,Carolyn C. McCarthy,Female,1997-01-03,Reelection (Renominated),3627,Unrated,D+,9,TRUE
NY-05,Gary L. Ackerman,Male,1983-03-01,Reelection (Renominated),8684,Unrated,D+,18,TRUE
NY-06,Gregory W. Meeks,Male,1999-01-03,Reelection (Renominated),2865,Unrated,D+,38,TRUE
NY-07,Joseph Crowley,Male,1993-01-03,Reelection (Renominated),5056,Unrated,D+,28,TRUE
NY-08,Jerrold L. Nadler,Male,1993-01-03,Reelection (Renominated),5056,Unrated,D+,28,TRUE
NY-09,Anthony D. Weiner,Male,1999-01-03,Reelection (Renominated),2865,Unrated,D+,14,TRUE
NY-10,"Edolphus Towns, Jr.",Male,1983-01-03,Reelection (Renominated),8709,Unrated,D+,41,TRUE
NY-11,Major O.R. Owens,Male,1983-01-03,Retired,8709,Unrated,D+,40,TRUE
NY-12,Nydia M. Velazquez,Female,1993-01-03,Reelection (Renominated),5056,Unrated,D+,34,TRUE
NY-13,"Vito J. Fossella, Jr.",Male,1997-11-04,Reelection (Renominated),3290,Solid R,D+,1,TRUE
NY-14,Carolyn J. Maloney,Female,1993-01-03,Reelection (Renominated),5056,Unrated,D+,26,TRUE
NY-15,Charles B. Rangel,Male,1971-01-03,Reelection (Renominated),13092,Unrated,D+,43,TRUE
NY-16,Jose E. Serrano,Male,1991-01-03,Reelection (Renominated),5787,Unrated,D+,43,TRUE
NY-17,Eliot L. Engel,Male,1989-01-03,Reelection (Renominated),6517,Unrated,D+,21,TRUE
NY-18,Nita M. Lowey,Female,1989-01-03,Reelection (Renominated),6517,Unrated,D+,10,TRUE
NY-19,Sue W. Kelly,Female,1995-01-03,Reelection (Renominated),4326,Lean R,R+,1,TRUE
NY-20,John E. Sweeney,Male,1999-01-03,Reelection (Renominated),2865,Tossup,R+,3,TRUE
NY-21,Michael R. McNulty,Male,1989-01-03,Reelection (Renominated),6517,Unrated,D+,9,TRUE
NY-22,Maurice D. Hinchey,Male,1993-01-03,Reelection (Renominated),5056,Unrated,D+,6,TRUE
NY-23,John M. McHugh,Male,1993-01-03,Reelection (Renominated),5056,Unrated,Even,0,TRUE
NY-24,Sherwood L. Boehlert,Male,1983-01-03,Retired,8709,Lean D,R+,1,TRUE
NY-25,James T. Walsh,Male,1989-01-03,Reelection (Renominated),6517,Lean R,D+,3,TRUE
NY-26,Thomas M. Reynolds,Male,1999-01-03,Reelection (Renominated),2865,Tossup,R+,3,TRUE
NY-27,Brian M. Higgins,Male,2005-01-03,Reelection (Renominated),673,Unrated,D+,7,TRUE
NY-28,Louise McIntosh Slaughter,Female,1987-01-03,Reelection (Renominated),7248,Unrated,D+,15,TRUE
NY-29,"John Randolph Kuhl, Jr.",Male,2005-01-03,Reelection (Renominated),673,Lean R,R+,5,TRUE
NC-01,"George Kenneth Butterfield, Jr.",Male,2005-01-03,Reelection (Renominated),673,Unrated,D+,9,TRUE
NC-02,Bobby Ray Etheridge,Male,1997-01-03,Reelection (Renominated),3595,Unrated,R+,3,TRUE
NC-03,"Walter B. Jones, Jr.",Male,1995-01-03,Reelection (Renominated),4326,Unrated,R+,15,TRUE
NC-04,David E. Price,Male,1997-01-03,Reelection (Renominated),3595,Unrated,D+,6,TRUE
NC-05,Virginia Ann Foxx,Female,2005-01-03,Reelection (Renominated),673,Unrated,R+,15,TRUE
NC-06,J. Howard Coble,Male,1985-01-03,Reelection (Renominated),7978,Unrated,R+,17,TRUE
NC-07,"D. Carmichael ""Mike"" McIntyre",Male,1997-01-03,Reelection (Renominated),3595,Unrated,R+,3,TRUE
NC-08,"Robert C. ""Robin"" Hayes",Male,1999-01-03,Reelection (Renominated),2865,Likely R,R+,3,TRUE
NC-09,Sue E. Myrick,Female,1995-01-03,Reelection (Renominated),4326,Unrated,R+,12,TRUE
NC-10,Patrick T. McHenry,Male,2005-01-03,Reelection (Renominated),673,Unrated,R+,15,TRUE
NC-11,Charles H. Taylor,Male,1991-01-03,Reelection (Renominated),5787,Lean D,R+,7,TRUE
NC-12,Melvin L. Watt,Male,1993-01-03,Reelection (Renominated),5056,Unrated,D+,11,TRUE
NC-13,R. Bradley Miller,Male,2003-01-03,Reelection (Renominated),1404,Solid D,D+,2,TRUE
ND-AL,Earl R. Pomeroy III,Male,1993-01-03,Reelection (Renominated),5056,Unrated,R+,13,TRUE
OH-01,Steven J. Chabot,Male,1995-01-03,Reelection (Renominated),4326,Tossup,R+,1,TRUE
OH-02,Jeannette M. Schmidt,Female,2005-08-02,Reelection (Renominated),462,Tossup,R+,13,TRUE
OH-03,Michael R. Turner,Male,2003-01-03,Reelection (Renominated),1404,Unrated,R+,3,TRUE
OH-04,Michael G. Oxley,Male,1981-06-25,Retired,9266,Unrated,R+,14,TRUE
OH-05,Paul E. Gillmor,Male,1989-01-03,Reelection (Renominated),6517,Unrated,R+,10,TRUE
OH-06,Theodore Strickland,Male,1997-01-03,Retired (Higher Office),3595,Likely D,Even,0,TRUE
OH-07,David L. Hobson,Male,1991-01-03,Reelection (Renominated),5787,Unrated,R+,6,TRUE
OH-08,John A. Boehner,Male,1991-01-03,Reelection (Renominated),5787,Unrated,R+,12,TRUE
OH-09,Marcia C. Kaptur,Female,1983-01-03,Reelection (Renominated),8709,Unrated,D+,9,TRUE
OH-10,Dennis J. Kucinich,Male,1997-01-03,Reelection (Renominated),3595,Unrated,D+,6,TRUE
OH-11,Stephanie Tubbs Jones,Female,1999-01-03,Reelection (Renominated),2865,Unrated,D+,33,TRUE
OH-12,Patrick J. Tiberi,Male,2001-01-03,Reelection (Renominated),2134,Likely R,R+,1,TRUE
OH-13,Sherrod C. Brown,Male,1993-01-03,Retired (Higher Office),5056,Likely D,D+,6,TRUE
OH-14,Steven C. LaTourette,Male,1995-01-03,Reelection (Renominated),4326,Unrated,R+,2,TRUE
OH-15,Deborah D. Pryce,Female,1993-01-03,Reelection (Renominated),5056,Tossup,R+,1,TRUE
OH-16,Ralph S. Regula,Male,1973-01-03,Reelection (Renominated),12361,Unrated,R+,4,TRUE
OH-17,Timothy J. Ryan,Male,2003-01-03,Reelection (Renominated),1404,Unrated,D+,14,TRUE
OH-18,Robert W. Ney,Male,1995-01-03,Resignation (Charges),4326,Lean D,R+,6,TRUE
OK-01,John A. Sullivan,Male,2003-01-03,Reelection (Renominated),1404,Unrated,R+,13,TRUE
OK-02,David Daniel Boren,Male,2005-01-03,Reelection (Renominated),673,Unrated,R+,5,TRUE
OK-03,Frank D. Lucas,Male,1995-01-03,Reelection (Renominated),4326,Unrated,R+,18,TRUE
OK-04,Thomas J. Cole,Male,2003-01-03,Reelection (Renominated),1404,Unrated,R+,13,TRUE
OK-05,Ernest J. Istook,Male,1993-01-03,Retired (Higher Office),5056,Unrated,R+,12,TRUE
OR-01,David Wu,Male,1999-01-03,Reelection (Renominated),2865,Unrated,D+,6,TRUE
OR-02,Gregory P. Walden,Male,1999-01-03,Reelection (Renominated),2865,Unrated,R+,11,TRUE
OR-03,Earl F. Blumenauer,Male,1997-01-03,Reelection (Renominated),3595,Unrated,D+,18,TRUE
OR-04,Peter A. DeFazio,Male,1987-01-03,Reelection (Renominated),7248,Unrated,Even,0,TRUE
OR-05,Darlene K. Hooley,Female,1997-01-03,Reelection (Renominated),3595,Likely D,D+,1,TRUE
PA-01,Robert A. Brady,Male,1999-01-03,Reelection (Renominated),2865,Unrated,D+,36,TRUE
PA-02,"Chaka Fattah, Sr.",Male,1995-01-03,Reelection (Renominated),4326,Unrated,D+,39,TRUE
PA-03,Philip S. English,Male,1995-01-03,Reelection (Renominated),4326,Unrated,R+,2,TRUE
PA-04,Melissa A. Hart,Female,2001-01-03,Reelection (Renominated),2134,Tossup,R+,3,TRUE
PA-05,John E. Peterson,Male,1997-01-03,Reelection (Renominated),3595,Unrated,R+,10,TRUE
PA-06,James W. Gerlach,Male,2003-01-03,Reelection (Renominated),1404,Tossup,D+,2,TRUE
PA-07,W. Curtis Weldon,Male,1987-01-03,Reelection (Renominated),7248,Tossup,D+,4,TRUE
PA-08,Michael G. Fitzpatrick,Male,2005-01-03,Reelection (Renominated),673,Tossup,D+,3,TRUE
PA-09,William F. Schuster,Male,2001-05-15,Reelection (Renominated),2002,Unrated,R+,15,TRUE
PA-10,Donald L. Sherwood,Male,1999-01-03,Reelection (Renominated),2865,Tossup,R+,8,TRUE
PA-11,Paul E. Kanjorski,Male,1985-01-03,Reelection (Renominated),7978,Unrated,D+,5,TRUE
PA-12,John P. Murtha,Male,1975-01-03,Reelection (Renominated),11631,Unrated,D+,8,TRUE
PA-13,Allyson Y. Schwartz,Female,2005-01-03,Reelection (Renominated),673,Unrated,D+,22,TRUE
PA-14,Michael F. Doyle,Male,1995-01-03,Reelection (Renominated),4326,Unrated,D+,2,TRUE
PA-15,Charles W. Dent,Male,2005-01-03,Reelection (Renominated),673,Unrated,D+,2,TRUE
PA-16,Joseph R. Pitts,Male,1997-01-03,Reelection (Renominated),3595,Unrated,R+,11,TRUE
PA-17,T. Timothy Holden,Male,1993-01-03,Reelection (Renominated),5056,Unrated,R+,7,TRUE
PA-18,Timothy F. Murphy,Male,2003-01-03,Reelection (Renominated),1404,Unrated,R+,2,TRUE
PA-19,Todd Russell Platts,Male,2001-01-03,Reelection (Renominated),2134,Unrated,R+,12,TRUE
RI-01,Patrick J. Kennedy,Male,1995-01-03,Reelection (Renominated),4326,Unrated,D+,16,TRUE
RI-02,James R. Langevin,Male,2001-01-03,Reelection (Renominated),2134,Unrated,D+,13,TRUE
SC-01,"Henry E. Brown, Jr.",Male,2001-01-03,Reelection (Renominated),2134,Unrated,R+,10,TRUE
SC-02,"Addison G. ""Joe"" Wilson",Male,2001-12-18,Reelection (Renominated),1785,Unrated,R+,9,TRUE
SC-03,J. Gresham Barrett,Male,2003-01-03,Reelection (Renominated),1404,Unrated,R+,14,TRUE
SC-04,"Robert D. Inglis, Sr.",Male,2005-01-03,Reelection (Renominated),673,Unrated,R+,15,TRUE
SC-05,"John M. Spratt, Jr.",Male,1983-01-03,Reelection (Renominated),8709,Likely D,R+,6,TRUE
SC-06,James E. Clyburn,Male,1993-01-03,Reelection (Renominated),5056,Unrated,D+,11,TRUE
SD-AL,Stephanie Herseth Sandlin,Female,2005-01-03,Reelection (Renominated),673,Unrated,R+,10,TRUE
TN-01,William L. Jenkins,Male,1997-01-03,Retired,3595,Unrated,R+,14,TRUE
TN-02,"John J. Duncan, Sr.",Male,1999-01-03,Reelection (Renominated),2865,Unrated,R+,11,TRUE
TN-03,Zachary P. Wamp,Male,1995-01-03,Reelection (Renominated),4326,Unrated,R+,8,TRUE
TN-04,Lincoln E. Davis,Male,2003-01-03,Reelection (Renominated),1404,Unrated,R+,3,TRUE
TN-05,James H.S. Cooper,Male,2003-01-03,Reelection (Renominated),1404,Unrated,D+,6,TRUE
TN-06,Barton J. Gordon,Male,1985-01-03,Reelection (Renominated),7978,Unrated,R+,4,TRUE
TN-07,M. Marsha Blackburn,Female,2003-01-03,Reelection (Renominated),1404,Unrated,R+,12,TRUE
TN-08,John S. Tanner,Male,1989-01-03,Reelection (Renominated),6517,Unrated,Even,0,TRUE
TN-09,"Harold E. Ford, Jr.",Male,1997-01-03,Retired (Higher Office),3595,Unrated,D+,18,TRUE
TX-01,"Louis B. Gohmert, Jr.",Male,2005-01-03,Reelection (Renominated),673,Unrated,R+,17,TRUE
TX-02,L. Theodore Poe,Male,2005-01-03,Reelection (Renominated),673,Unrated,R+,12,TRUE
TX-03,Samuel R. Johnson,Male,1991-05-08,Reelection (Renominated),5662,Unrated,R+,17,TRUE
TX-04,Ralph M. Hall,Male,1981-01-03,Reelection (Renominated),9439,Unrated,R+,17,TRUE
TX-05,T. Jeb Hensarling,Male,2003-01-03,Reelection (Renominated),1404,Unrated,R+,16,TRUE
TX-06,Joseph L. Barton,Male,1985-01-03,Reelection (Renominated),7978,Unrated,R+,15,TRUE
TX-07,John Abney Culberson,Male,2001-01-03,Reelection (Renominated),2134,Unrated,R+,16,TRUE
TX-08,Kevin P. Brady,Male,1997-01-03,Reelection (Renominated),3595,Unrated,R+,20,TRUE
TX-09,Alexander N. Green,Male,2005-01-03,Reelection (Renominated),673,Unrated,D+,21,TRUE
TX-10,"Michael T. McCaul, Sr.",Male,2005-01-03,Reelection (Renominated),673,Unrated,R+,13,TRUE
TX-11,K. Michael Conaway,Male,2005-01-03,Reelection (Renominated),673,Unrated,R+,25,TRUE
TX-12,N. Kay Granger,Female,1997-01-03,Reelection (Renominated),3595,Unrated,R+,14,TRUE
TX-13,"William M. ""Mac"" Thornberry",Male,1995-01-03,Reelection (Renominated),4326,Unrated,R+,18,TRUE
TX-14,Ronald E. Paul,Male,1997-01-03,Reelection (Renominated),3595,Unrated,R+,14,TRUE
TX-15,Ruben E. Hinojasa,Male,1997-01-03,Reelection (Renominated),3595,Unrated,D+,3,TRUE
TX-16,Silvestre Reyes,Male,1997-01-03,Reelection (Renominated),3595,Unrated,D+,9,TRUE
TX-17,"Thomas C. ""Chet"" Edwards",Male,1991-01-03,Reelection (Renominated),5787,Likely D,R+,18,TRUE
TX-18,Sheila Jackson Lee,Female,1995-01-03,Reelection (Renominated),4326,Unrated,D+,23,TRUE
TX-19,R. Randolph Neugebauer,Male,2003-01-03,Reelection (Renominated),1404,Unrated,R+,25,TRUE
TX-20,Charles A. Gonzalez,Male,1999-01-03,Reelection (Renominated),2865,Unrated,D+,8,TRUE
TX-21,Lamar S. Smith,Male,1987-01-03,Reelection (Renominated),7248,Unrated,R+,13,TRUE
TX-22,Thomas D. DeLay,Male,1985-01-03,Resignation (Charges),7978,Tossup,R+,15,TRUE
TX-22 (Special),Thomas D. DeLay,Male,1985-01-03,Resignation (Charges),7978,Tossup,R+,15,FALSE
TX-23,Henry Bonilla,Male,1993-01-03,Reelection (Renominated),5056,Lean R,R+,4,TRUE
TX-23 (Runoff),Henry Bonilla,Male,1993-01-04,Reelection (Renominated),5055,Lean R,R+,4,FALSE
TX-24,Kenny E. Marchant,Male,2005-01-03,Reelection (Renominated),673,Unrated,R+,15,TRUE
TX-25,Lloyd A. Doggett II,Male,1995-01-03,Reelection (Renominated),4326,Unrated,D+,1,TRUE
TX-26,Michael C. Burgess,Male,2003-01-03,Reelection (Renominated),1404,Unrated,R+,12,TRUE
TX-27,Solomon P. Ortiz,Male,1983-01-03,Reelection (Renominated),8709,Unrated,R+,1,TRUE
TX-28,Henry R. Cuellar,Male,2005-01-03,Reelection (Renominated),673,Unrated,R+,1,TRUE
TX-29,R. Eugene Green,Male,1993-01-03,Reelection (Renominated),5056,Unrated,D+,8,TRUE
TX-30,Eddie Bernice Johnson,Female,1993-01-03,Reelection (Renominated),5056,Unrated,D+,26,TRUE
TX-31,John R. Carter,Male,2003-01-03,Reelection (Renominated),1404,Unrated,R+,15,TRUE
TX-32,Pete A. Sessions,Male,1997-01-03,Reelection (Renominated),3595,Unrated,R+,11,TRUE
UT-01,Robert W. Bishop,Male,2003-01-03,Reelection (Renominated),1404,Unrated,R+,26,TRUE
UT-02,James D. Matheson,Male,2001-01-03,Reelection (Renominated),2134,Likely D,R+,17,TRUE
UT-03,Christopher Black Cannon,Male,1997-01-03,Reelection (Renominated),3595,Unrated,R+,22,TRUE
VT-AL,Bernard Sanders,Male,1991-01-03,Retired (Higher Office),5787,Lean D,D+,8,TRUE
VA-01,Jo Ann Davis,Female,2001-01-03,Reelection (Renominated),2134,Unrated,R+,9,TRUE
VA-02,Thelma D. Drake,Female,2005-01-03,Reelection (Renominated),673,Tossup,R+,6,TRUE
VA-03,Robert C. Scott,Male,1993-01-03,Reelection (Renominated),5056,Unrated,D+,18,TRUE
VA-04,J. Randy Forbes,Male,2001-06-26,Reelection (Renominated),1960,Unrated,R+,5,TRUE
VA-05,"Virgil H. Goode, Jr.",Male,1997-01-03,Reelection (Renominated),3595,Unrated,R+,6,TRUE
VA-06,Robert W. Goodlatte,Male,1993-01-03,Reelection (Renominated),5056,Unrated,R+,11,TRUE
VA-07,Eric I. Cantor,Male,2001-01-03,Reelection (Renominated),2134,Unrated,R+,11,TRUE
VA-08,James P. Moran,Male,1991-01-03,Reelection (Renominated),5787,Unrated,D+,14,TRUE
VA-09,Frederick C. Boucher,Male,1983-01-03,Reelection (Renominated),8709,Unrated,R+,7,TRUE
VA-10,Frank R. Wolf,Male,1981-01-03,Reelection (Renominated),9439,Unrated,R+,5,TRUE
VA-11,Thomas M. Davis,Male,1995-01-03,Reelection (Renominated),4326,Likely R,R+,1,TRUE
WA-01,Jay R. Inslee,Male,1999-01-03,Reelection (Renominated),2865,Unrated,D+,7,TRUE
WA-02,Richard R. Larsen,Male,2001-01-03,Reelection (Renominated),2134,Likely D,D+,3,TRUE
WA-03,Brian N. Baird,Male,1999-01-03,Reelection (Renominated),2865,Unrated,Even,0,TRUE
WA-04,"Richard N. ""Doc"" Hastings",Male,1995-01-03,Reelection (Renominated),4326,Unrated,R+,13,TRUE
WA-05,Cathy Anne McMorris Rodgers,Female,2005-01-03,Reelection (Renominated),673,Likely R,R+,7,TRUE
WA-06,Norman DeValois Dicks,Male,1977-01-03,Reelection (Renominated),10900,Unrated,D+,6,TRUE
WA-07,James A. McDermott,Male,1989-01-03,Reelection (Renominated),6517,Unrated,D+,30,TRUE
WA-08,David G. Reichert,Male,2005-01-03,Reelection (Renominated),673,Lean R,D+,2,TRUE
WA-09,D. Adam Smith,Male,1997-01-03,Reelection (Renominated),3595,Unrated,D+,6,TRUE
WV-01,Alan B. Mollohan,Male,1983-01-03,Reelection (Renominated),8709,Likely D,R+,6,TRUE
WV-02,Shelley W. Moore Capito,Female,2001-01-03,Reelection (Renominated),2134,Likely R,R+,5,TRUE
WV-03,Nick J. Rahall II,Male,1977-01-03,Reelection (Renominated),10900,Unrated,Even,0,TRUE
WI-01,Paul D. Ryan,Male,1999-01-03,Reelection (Renominated),2865,Unrated,R+,2,TRUE
WI-02,Tammy S. Baldwin,Female,1999-01-03,Reelection (Renominated),2865,Unrated,D+,13,TRUE
WI-03,Ronald J. Kind,Male,1997-01-03,Reelection (Renominated),3595,Unrated,D+,3,TRUE
WI-04,Gwendolynne S. Moore,Female,2005-01-03,Reelection (Renominated),673,Unrated,D+,20,TRUE
WI-05,"F. James Sensenbrenner, Jr.",Male,1979-01-03,Reelection (Renominated),10170,Unrated,R+,12,TRUE
WI-06,Thomas E. Petri,Male,1979-04-03,Reelection (Renominated),10080,Unrated,R+,5,TRUE
WI-07,David R. Obey,Male,1969-04-01,Reelection (Renominated),13734,Unrated,D+,2,TRUE
WI-08,Mark A. Green,Male,1999-01-03,Retired (Higher Office),2865,Tossup,Even,0,TRUE
WY-AL,Barbara L. Cubin,Female,1995-01-03,Reelection (Renominated),4326,Tossup,R+,19,TRUE
AZ-Sen,Jon L. Kyl,Male,1995-01-03,Reelection (Renominated),4326,Lean R,,,TRUE
CA-Sen,Dianne E. Feinstein,Female,1992-11-04,Reelection (Renominated),5116,Solid D,,,TRUE
CT-Sen,Joseph I. Lieberman,Male,1989-01-03,Reelection (Lost Renomination; Changed Parties),6517,Solid I,,,TRUE
DE-Sen,Thomas R. Carper,Male,2001-01-03,Reelection (Renominated),2134,Solid D,,,TRUE
FL-Sen,C. William Nelson III,Male,2001-01-03,Reelection (Renominated),2134,Solid D,,,TRUE
HI-Sen,Daniel K. Akaka,Male,1990-05-16,Reelection (Renominated),6019,Solid D,,,TRUE
IN-Sen,Richard G. Lugar,Male,1977-01-03,Reelection (Renominated),10900,Solid R,,,TRUE
ME-Sen,Olympia J. Snowe,Female,1995-01-03,Reelection (Renominated),4326,Solid R,,,TRUE
MD-Sen,Paul S. Sarbanes,Male,1977-01-03,Retired,10900,Tossup,,,TRUE
MA-Sen,Edward M. Kennedy,Male,1962-11-07,Reelection (Renominated),16071,Solid D,,,TRUE
MI-Sen,Deborah Ann Stabenow,Female,2001-01-03,Reelection (Renominated),2134,Lean D,,,TRUE
MN-Sen,Mark B. Dayton,Male,2001-01-03,Retired,2134,Likely D,,,TRUE
MS-Sen,"C. Trent Lott, Sr.",Male,1989-01-03,Reelection (Renominated),6517,Solid R,,,TRUE
MO-Sen,James M. Talent,Male,2002-11-23,Reelection (Renominated),1445,Tossup,,,TRUE
MT-Sen,Conrad R. Burns,Male,1989-01-03,Reelection (Renominated),6517,Tossup,,,TRUE
NE-Sen,E. Benjamin Nelson,Male,2001-01-03,Reelection (Renominated),2134,Solid D,,,TRUE
NV-Sen,John E. Ensign,Male,2001-01-03,Reelection (Renominated),2134,Solid R,,,TRUE
NJ-Sen,Robert Menendez,Male,2006-01-17,Reelection (Renominated),294,Tossup,,,TRUE
NM-Sen,"Jesse F. ""Jeff"" Bingaman",Male,1983-01-03,Reelection (Renominated),8709,Solid D,,,TRUE
NY-Sen,Hillary D. Rodham Clinton,Female,2001-01-03,Reelection (Renominated),2134,Solid D,,,TRUE
ND-Sen,G. Kent Conrad,Male,1992-12-14,Reelection (Renominated),5076,Solid D,,,TRUE
OH-Sen,R. Michael DeWine,Male,1995-01-03,Reelection (Renominated),4326,Lean D,,,TRUE
PA-Sen,"Richard J. Santorum, Sr.",Male,1995-01-03,Reelection (Renominated),4326,Lean D,,,TRUE
RI-Sen,Lincoln D. Chafee,Male,1999-11-02,Reelection (Renominated),2562,Tossup,,,TRUE
TN-Sen,William H. Frist,Male,1995-01-03,Retired,4326,Tossup,,,TRUE
TX-Sen,Kay Bailey Hutchison,Female,1993-06-14,Reelection (Renominated),4894,Solid R,,,TRUE
UT-Sen,Orrin G. Hatch,Male,1977-01-03,Reelection (Renominated),10900,Solid R,,,TRUE
VT-Sen,James M. Jeffords,Male,1989-01-03,Retired,6517,Likely I,,,TRUE
VA-Sen,George F. Allen,Male,2001-01-03,Reelection (Renominated),2134,Tossup,,,TRUE
WA-Sen,Maria E. Cantwell,Female,2001-01-03,Reelection (Renominated),2134,Likely D,,,TRUE
WV-Sen,Robert C. Byrd,Male,1959-01-03,Reelection (Renominated),17475,Solid D,,,TRUE
WI-Sen,Herbert H. Kohl,Male,1989-01-03,Reelection (Renominated),6517,Solid D,,,TRUE
WY-Sen,Craig L. Thomas,Male,1995-01-03,Reelection (Renominated),4326,Solid R,,,TRUE
AS-Del,Eni F.H. Faleomavaega,Male,1989-01-03,Reelection (Renominated),6517,Unrated,,,TRUE
DC-Del,Eleanor Holmes Norton,Female,1991-01-03,Reelection (Renominated),5787,Unrated,,,TRUE
GU-Del,Madeleine Z. Bordallo,Female,2003-01-03,Reelection (Renominated),1404,Unrated,,,TRUE
VI-Del,Donna M. Christensen,Female,1997-01-03,Reelection (Renominated),3595,Unrated,,,TRUE
